세트이름,설명,필요수,효과설명,효과config
나무,기본기를 고르게 보강하는 무속성 입문 세트,2,진입 · HP +4%,"{""hp_pct"":4.0}"
나무,기본기를 고르게 보강하는 무속성 입문 세트,4,"엔진 · HP +5.6604%, 속도 +0.3396%","{""hp_pct"":5.6604,""speed_pct"":0.3396}"
나무,기본기를 고르게 보강하는 무속성 입문 세트,6,"완성 · HP +1.6%, AD +1.6%, 물리 방어 +1.6%, 마법 방어 +1.6%, 속도 +1.6%","{""hp_pct"":1.6,""attack_pct"":1.6,""ad_defense_pct"":1.6,""ap_defense_pct"":1.6,""speed_pct"":1.6}"
화염,화상 생성과 화염 피해의 안정적인 누적,2,진입 · AD +4%,"{""attack_pct"":4.0}"
화염,화상 생성과 화염 피해의 안정적인 누적,4,"엔진 · AD +4.2857%, 화상 생성 확률 +1.7143%","{""attack_pct"":4.2857,""burn_chance"":1.7143}"
화염,화상 생성과 화염 피해의 안정적인 누적,6,"완성 · 물리 피해 +3%, 화염 피해 +5%","{""phys_dmg_pct"":3.0,""fire_dmg_pct"":5.0}"
냉기,마법 방어와 둔화로 버틴 뒤 냉기 피해를 확보,2,진입 · 마법 방어 +4%,"{""ap_defense_pct"":4.0}"
냉기,마법 방어와 둔화로 버틴 뒤 냉기 피해를 확보,4,"엔진 · 마법 방어 +4.2857%, 둔화 생성 확률 +1.7143%","{""ap_defense_pct"":4.2857,""slow_chance"":1.7143}"
냉기,마법 방어와 둔화로 버틴 뒤 냉기 피해를 확보,6,완성 · 마법 방어 +8%,"{""ap_defense_pct"":8.0}"
번개,속도와 감전 확률을 묶는 안정형 연쇄 세트,2,진입 · 속도 +4%,"{""speed_pct"":4.0}"
번개,속도와 감전 확률을 묶는 안정형 연쇄 세트,4,"엔진 · 속도 +3.2727%, 감전 생성 확률 +2.7273%","{""speed_pct"":3.2727,""shock_chance"":2.7273}"
번개,속도와 감전 확률을 묶는 안정형 연쇄 세트,6,완성 · 속도 +8%,"{""speed_pct"":8.0}"
수속성,높은 체력과 회복 효율로 침수 계열 장기전을 지원,2,진입 · HP +4%,"{""hp_pct"":4.0}"
수속성,높은 체력과 회복 효율로 침수 계열 장기전을 지원,3,완성 · 회복 효과 +6%,"{""heal_pct"":6.0}"
천상,신성 주문과 저항·회복을 함께 확보하는 보호 세트,2,"진입 · AP +2.6667%, 마법 방어 +1.3333%","{""ap_attack_pct"":2.6667,""ap_defense_pct"":1.3333}"
천상,신성 주문과 저항·회복을 함께 확보하는 보호 세트,4,"엔진 · AP +4.5%, 신성 피해 +1.5%","{""ap_attack_pct"":4.5,""holy_dmg_pct"":1.5}"
천상,신성 주문과 저항·회복을 함께 확보하는 보호 세트,6,"완성 · 모든 속성 저항 +1.6%, 신성 피해 +4%, 회복 효과 +2.4%","{""all_resistance"":1.6,""holy_dmg_pct"":4.0,""heal_pct"":2.4}"
심연,공격과 흡혈을 쌓아 암흑 피해로 회수,2,"진입 · AD +3.0769%, 흡혈 +0.9231%","{""attack_pct"":3.0769,""lifesteal"":0.9231}"
심연,공격과 흡혈을 쌓아 암흑 피해로 회수,4,"엔진 · AD +5.1429%, 흡혈 +0.8571%","{""attack_pct"":5.1429,""lifesteal"":0.8571}"
심연,공격과 흡혈을 쌓아 암흑 피해로 회수,6,"완성 · 암흑 피해 +5.3333%, 흡혈 +2.6667%","{""dark_dmg_pct"":5.3333,""lifesteal"":2.6667}"
드래곤,체력·양 공격·방어를 섞고 드래곤 대상 규칙을 변경,2,"진입 · HP +3.3333%, AD +0.6667%","{""hp_pct"":3.3333,""attack_pct"":0.6667}"
드래곤,체력·양 공격·방어를 섞고 드래곤 대상 규칙을 변경,4,"엔진 · HP +4.8%, AD +1.2%","{""hp_pct"":4.8,""attack_pct"":1.2}"
드래곤,체력·양 공격·방어를 섞고 드래곤 대상 규칙을 변경,6,"완성 · HP +1.4545%, AD +1.4545%, 물리 방어 +1.4545%, 마법 방어 +1.4545%, 드래곤 대상 피해 +2.1819%","{""hp_pct"":1.4545,""attack_pct"":1.4545,""ad_defense_pct"":1.4545,""ap_defense_pct"":1.4545,""dragon_bonus"":2.1819}"
혼돈,치명타와 치명 피해의 변동성을 받아들이는 덱 운용 세트,2,진입 · 치명타 확률 +4%,"{""crit_rate"":4.0}"
혼돈,치명타와 치명 피해의 변동성을 받아들이는 덱 운용 세트,3,"엔진 · 치명타 확률 +1.3333%, 치명타 피해 +2.6667%","{""crit_rate"":1.3333,""crit_damage"":2.6667}"
혼돈,치명타와 치명 피해의 변동성을 받아들이는 덱 운용 세트,5,완성 · 치명타 피해 +6%,"{""crit_damage"":6.0}"
혼돈 II,물리·마법 혼합 공격과 관통에 집중하는 공격형 변주,2,"진입 · AD +2%, AP +2%","{""attack_pct"":2.0,""ap_attack_pct"":2.0}"
혼돈 II,물리·마법 혼합 공격과 관통에 집중하는 공격형 변주,3,완성 · 물리 관통 +6%,"{""armor_pen"":6.0}"
각성,양 공격을 함께 올려 궁극 전환의 기반을 만드는 세트,2,"진입 · AD +2%, AP +2%","{""attack_pct"":2.0,""ap_attack_pct"":2.0}"
각성,양 공격을 함께 올려 궁극 전환의 기반을 만드는 세트,4,"엔진 · AD +3%, AP +3%","{""attack_pct"":3.0,""ap_attack_pct"":3.0}"
각성,양 공격을 함께 올려 궁극 전환의 기반을 만드는 세트,6,"완성 · 물리 피해 +3.4595%, 마법 피해 +3.4595%, 물리 관통 +1.0811%","{""phys_dmg_pct"":3.4595,""mag_dmg_pct"":3.4595,""armor_pen"":1.0811}"
고대 유물,체력과 물리 방어를 중심으로 피해 감소까지 연결,2,"진입 · HP +3.2%, 물리 방어 +0.8%","{""hp_pct"":3.2,""ad_defense_pct"":0.8}"
고대 유물,체력과 물리 방어를 중심으로 피해 감소까지 연결,4,"엔진 · HP +4.8%, 물리 방어 +1.2%","{""hp_pct"":4.8,""ad_defense_pct"":1.2}"
고대 유물,체력과 물리 방어를 중심으로 피해 감소까지 연결,6,"완성 · 받는 피해 -5.5758%, 모든 속성 저항 +2.4242%","{""dmg_taken_pct"":-5.5758,""all_resistance"":2.4242}"
초월,여러 기본 능력치를 고르게 올린 뒤 혼합 피해로 전환,2,"진입 · HP +2.3078%, AD +0.3846%, AP +0.3846%, 물리 방어 +0.3846%, 마법 방어 +0.3846%, 속도 +0.1538%","{""hp_pct"":2.3078,""attack_pct"":0.3846,""ap_attack_pct"":0.3846,""ad_defense_pct"":0.3846,""ap_defense_pct"":0.3846,""speed_pct"":0.1538}"
초월,여러 기본 능력치를 고르게 올린 뒤 혼합 피해로 전환,4,"엔진 · HP +3.6088%, AD +0.5414%, AP +0.5414%, 물리 방어 +0.5414%, 마법 방어 +0.5414%, 속도 +0.2256%","{""hp_pct"":3.6088,""attack_pct"":0.5414,""ap_attack_pct"":0.5414,""ad_defense_pct"":0.5414,""ap_defense_pct"":0.5414,""speed_pct"":0.2256}"
초월,여러 기본 능력치를 고르게 올린 뒤 혼합 피해로 전환,6,"완성 · HP +1.6283%, AD +1.6283%, AP +1.6283%, 물리 방어 +0.5664%, 마법 방어 +0.5664%, 속도 +0.5664%, 물리 피해 +0.708%, 마법 피해 +0.708%","{""hp_pct"":1.6283,""attack_pct"":1.6283,""ap_attack_pct"":1.6283,""ad_defense_pct"":0.5664,""ap_defense_pct"":0.5664,""speed_pct"":0.5664,""phys_dmg_pct"":0.708,""mag_dmg_pct"":0.708}"
시간,속도·회피·첫 행동·추가 행동으로 전투 템포를 선점,2,"진입 · 속도 +2.5%, 회피 +1.5%","{""speed_pct"":2.5,""evasion"":1.5}"
시간,속도·회피·첫 행동·추가 행동으로 전투 템포를 선점,4,"엔진 · 속도 +4.2353%, 회피 +1.7647%","{""speed_pct"":4.2353,""evasion"":1.7647}"
시간,속도·회피·첫 행동·추가 행동으로 전투 템포를 선점,6,"완성 · 속도 +4%, 첫 사용 강화 +3%, 추가 행동 확률 +1%","{""speed_pct"":4.0,""first_strike"":3.0,""extra_action"":1.0}"
생명,체력·회복·재생으로 장기전의 누적 이득을 확보,2,진입 · HP +4%,"{""hp_pct"":4.0}"
생명,체력·회복·재생으로 장기전의 누적 이득을 확보,3,"엔진 · HP +3.6364%, 회복 효과 +0.3636%","{""hp_pct"":3.6364,""heal_pct"":0.3636}"
생명,체력·회복·재생으로 장기전의 누적 이득을 확보,5,"완성 · HP +5.9406%, 재생 +0.0594%","{""hp_pct"":5.9406,""regen_pct"":0.0594}"
창조신,복합 능력과 양 계열 피해·드롭을 함께 연구하는 최상위 혼합 세트,2,"진입 · HP +2.3528%, AD +0.3765%, AP +0.3765%, 물리 방어 +0.3765%, 마법 방어 +0.3765%, 속도 +0.1412%","{""hp_pct"":2.3528,""attack_pct"":0.3765,""ap_attack_pct"":0.3765,""ad_defense_pct"":0.3765,""ap_defense_pct"":0.3765,""speed_pct"":0.1412}"
창조신,복합 능력과 양 계열 피해·드롭을 함께 연구하는 최상위 혼합 세트,4,"엔진 · HP +3.4616%, AD +0.5769%, AP +0.5769%, 물리 방어 +0.5769%, 마법 방어 +0.5769%, 속도 +0.2308%","{""hp_pct"":3.4616,""attack_pct"":0.5769,""ap_attack_pct"":0.5769,""ad_defense_pct"":0.5769,""ap_defense_pct"":0.5769,""speed_pct"":0.2308}"
창조신,복합 능력과 양 계열 피해·드롭을 함께 연구하는 최상위 혼합 세트,6,"완성 · HP +1.8824%, AD +1.8824%, AP +0.7059%, 물리 피해 +1.4706%, 마법 피해 +1.4706%, 드롭률 +0.5882%","{""hp_pct"":1.8824,""attack_pct"":1.8824,""ap_attack_pct"":0.7059,""phys_dmg_pct"":1.4706,""mag_dmg_pct"":1.4706,""drop_rate"":0.5882}"
태양신,체력을 기반으로 신성 주문과 피해를 키우는 화염·신성 혼합 세트,2,"진입 · AP +0.9231%, HP +3.0769%","{""ap_attack_pct"":0.9231,""hp_pct"":3.0769}"
태양신,체력을 기반으로 신성 주문과 피해를 키우는 화염·신성 혼합 세트,4,"엔진 · AP +4.5%, 신성 피해 +1.5%","{""ap_attack_pct"":4.5,""holy_dmg_pct"":1.5}"
태양신,체력을 기반으로 신성 주문과 피해를 키우는 화염·신성 혼합 세트,6,"완성 · AP +4.7059%, 모든 속성 저항 +0.9412%, 신성 피해 +2.3529%","{""ap_attack_pct"":4.7059,""all_resistance"":0.9412,""holy_dmg_pct"":2.3529}"
사냥꾼,공격·속도·명중·치명타를 이어 빠른 물리 처형을 지원,2,"진입 · AD +2.9091%, 속도 +1.0909%","{""attack_pct"":2.9091,""speed_pct"":1.0909}"
사냥꾼,공격·속도·명중·치명타를 이어 빠른 물리 처형을 지원,3,"엔진 · AD +3.1304%, 명중 +0.8696%","{""attack_pct"":3.1304,""accuracy"":0.8696}"
사냥꾼,공격·속도·명중·치명타를 이어 빠른 물리 처형을 지원,5,"완성 · AD +4.2353%, 치명타 확률 +1.7647%","{""attack_pct"":4.2353,""crit_rate"":1.7647}"
현자,마법 공격·방어와 회복을 함께 다루는 안정형 주문 세트,2,"진입 · AP +2.6667%, 마법 방어 +1.3333%","{""ap_attack_pct"":2.6667,""ap_defense_pct"":1.3333}"
현자,마법 공격·방어와 회복을 함께 다루는 안정형 주문 세트,3,"엔진 · AP +2.7027%, 마법 방어 +1.2973%","{""ap_attack_pct"":2.7027,""ap_defense_pct"":1.2973}"
현자,마법 공격·방어와 회복을 함께 다루는 안정형 주문 세트,5,"완성 · 마법 피해 +3.6%, 회복 효과 +2.4%","{""mag_dmg_pct"":3.6,""heal_pct"":2.4}"
그림자,속도·회피 뒤 치명 반격을 노리는 방어적 선제 세트,2,"진입 · 속도 +2.5%, 회피 +1.5%","{""speed_pct"":2.5,""evasion"":1.5}"
그림자,속도·회피 뒤 치명 반격을 노리는 방어적 선제 세트,3,"엔진 · 치명타 확률 +1.3333%, 치명타 피해 +2.6667%","{""crit_rate"":1.3333,""crit_damage"":2.6667}"
그림자,속도·회피 뒤 치명 반격을 노리는 방어적 선제 세트,5,"완성 · 치명타 확률 +3%, 회피 +3%","{""crit_rate"":3.0,""evasion"":3.0}"
마도사,마법 공격과 관통을 집중해 주문 피해를 완성,2,진입 · AP +4%,"{""ap_attack_pct"":4.0}"
마도사,마법 공격과 관통을 집중해 주문 피해를 완성,3,"엔진 · AP +3.3939%, 마법 관통 +0.6061%","{""ap_attack_pct"":3.3939,""magic_pen"":0.6061}"
마도사,마법 공격과 관통을 집중해 주문 피해를 완성,5,"완성 · 마법 피해 +3.913%, 마법 관통 +2.087%","{""mag_dmg_pct"":3.913,""magic_pen"":2.087}"
월광,마법 공격·회피·주문 피해를 섞는 잔향형 세트,2,"진입 · AP +2.9091%, 회피 +1.0909%","{""ap_attack_pct"":2.9091,""evasion"":1.0909}"
월광,마법 공격·회피·주문 피해를 섞는 잔향형 세트,3,"엔진 · AP +3.2%, 회피 +0.8%","{""ap_attack_pct"":3.2,""evasion"":0.8}"
월광,마법 공격·회피·주문 피해를 섞는 잔향형 세트,5,"완성 · 마법 피해 +3.3333%, 회피 +2.6667%","{""mag_dmg_pct"":3.3333,""evasion"":2.6667}"
공허,양 공격과 관통을 묶고 피해 감소로 위험을 상쇄,2,"진입 · AP +2%, AD +2%","{""ap_attack_pct"":2.0,""attack_pct"":2.0}"
공허,양 공격과 관통을 묶고 피해 감소로 위험을 상쇄,4,엔진 · 물리 관통 +6%,"{""armor_pen"":6.0}"
공허,양 공격과 관통을 묶고 피해 감소로 위험을 상쇄,6,"완성 · 물리 피해 +3.3103%, 마법 피해 +3.3103%, 받는 피해 -1.3793%","{""phys_dmg_pct"":3.3103,""mag_dmg_pct"":3.3103,""dmg_taken_pct"":-1.3793}"
심해,체력·마법 방어로 버티며 수속성 피해를 축적,2,"진입 · HP +3.1579%, 마법 방어 +0.8421%","{""hp_pct"":3.1579,""ap_defense_pct"":0.8421}"
심해,체력·마법 방어로 버티며 수속성 피해를 축적,4,"엔진 · HP +4.8%, 마법 방어 +1.2%","{""hp_pct"":4.8,""ap_defense_pct"":1.2}"
심해,체력·마법 방어로 버티며 수속성 피해를 축적,6,"완성 · 수속성 피해 +5.8182%, 마법 방어 +2.1818%","{""water_dmg_pct"":5.8182,""ap_defense_pct"":2.1818}"
뇌신,공격과 번개 피해를 빠르게 집중하는 단일 대상 과부하 세트,2,"진입 · AD +3.0769%, 속도 +0.9231%","{""attack_pct"":3.0769,""speed_pct"":0.9231}"
뇌신,공격과 번개 피해를 빠르게 집중하는 단일 대상 과부하 세트,3,"엔진 · AD +2.8571%, 번개 피해 +1.1429%","{""attack_pct"":2.8571,""lightning_dmg_pct"":1.1429}"
뇌신,공격과 번개 피해를 빠르게 집중하는 단일 대상 과부하 세트,5,"완성 · 번개 피해 +3.4286%, 속도 +2.5714%","{""lightning_dmg_pct"":3.4286,""speed_pct"":2.5714}"
질풍신,속도·회피·선제 강화를 극대화하는 연타 세트,2,"진입 · 속도 +2.9091%, 회피 +1.0909%","{""speed_pct"":2.9091,""evasion"":1.0909}"
질풍신,속도·회피·선제 강화를 극대화하는 연타 세트,3,"엔진 · 속도 +3%, 회피 +1%","{""speed_pct"":3.0,""evasion"":1.0}"
질풍신,속도·회피·선제 강화를 극대화하는 연타 세트,5,"완성 · 속도 +3.3333%, 첫 사용 강화 +2.6667%","{""speed_pct"":3.3333,""first_strike"":2.6667}"
별빛,신성 주문과 방어·회복을 묶는 보호 후 심판 세트,2,진입 · AP +4%,"{""ap_attack_pct"":4.0}"
별빛,신성 주문과 방어·회복을 묶는 보호 후 심판 세트,3,"엔진 · AP +2.75%, 마법 방어 +1.25%","{""ap_attack_pct"":2.75,""ap_defense_pct"":1.25}"
별빛,신성 주문과 방어·회복을 묶는 보호 후 심판 세트,5,"완성 · 마법 피해 +3.6%, 회복 효과 +2.4%","{""mag_dmg_pct"":3.6,""heal_pct"":2.4}"
비전,마법 공격·관통·주문 피해로 덱의 주문 반복을 보상,2,"진입 · AP +3.2%, 마법 관통 +0.8%","{""ap_attack_pct"":3.2,""magic_pen"":0.8}"
비전,마법 공격·관통·주문 피해로 덱의 주문 반복을 보상,3,"엔진 · AP +3.2941%, 마법 관통 +0.7059%","{""ap_attack_pct"":3.2941,""magic_pen"":0.7059}"
비전,마법 공격·관통·주문 피해로 덱의 주문 반복을 보상,5,"완성 · 마법 피해 +3.8571%, 마법 관통 +2.1429%","{""mag_dmg_pct"":3.8571,""magic_pen"":2.1429}"
파멸,물리 공격·치명 피해·관통을 이어 저주 계열 피니시를 지원,2,"진입 · AD +2.8235%, 치명타 피해 +1.1765%","{""attack_pct"":2.8235,""crit_damage"":1.1765}"
파멸,물리 공격·치명 피해·관통을 이어 저주 계열 피니시를 지원,3,"엔진 · AD +2.8%, 치명타 피해 +1.2%","{""attack_pct"":2.8,""crit_damage"":1.2}"
파멸,물리 공격·치명 피해·관통을 이어 저주 계열 피니시를 지원,5,"완성 · 물리 피해 +3.6%, 물리 관통 +2.4%","{""phys_dmg_pct"":3.6,""armor_pen"":2.4}"
시련,공격과 방어를 함께 올려 위험 구간 돌파를 보상,2,"진입 · AD +2.4%, 물리 방어 +1.6%","{""attack_pct"":2.4,""ad_defense_pct"":1.6}"
시련,공격과 방어를 함께 올려 위험 구간 돌파를 보상,3,"완성 · AD +1.6129%, 물리 방어 +1.1613%, HP +3.2258%","{""attack_pct"":1.6129,""ad_defense_pct"":1.1613,""hp_pct"":3.2258}"
전쟁신,물리 공격과 방어를 동시에 확보하는 반격형 세트,2,"진입 · AD +3.6%, 물리 방어 +2.4%","{""attack_pct"":3.6,""ad_defense_pct"":2.4}"
광전사,생존 안정성을 대가로 물리 피해와 흡혈 고점을 얻는 세트,2,"진입 · AD +2%, 흡혈 +2%","{""attack_pct"":2.0,""lifesteal"":2.0}"
광전사,생존 안정성을 대가로 물리 피해와 흡혈 고점을 얻는 세트,4,"완성 · 물리 피해 +6%, 받는 피해 -4%","{""phys_dmg_pct"":6.0,""dmg_taken_pct"":-4.0}"
다양성,서로 다른 계열을 섞을수록 양 피해와 생존을 보상,2,진입 · 속도 +4%,"{""speed_pct"":4.0}"
다양성,서로 다른 계열을 섞을수록 양 피해와 생존을 보상,3,"완성 · 물리 피해 +3%, 마법 피해 +3%, HP +4%","{""phys_dmg_pct"":3.0,""mag_dmg_pct"":3.0,""hp_pct"":4.0}"
도박,선제·추가 행동의 변동성을 치명타로 회수하는 세트,2,"진입 · 첫 사용 강화 +2%, 속도 +2%","{""first_strike"":2.0,""speed_pct"":2.0}"
도박,선제·추가 행동의 변동성을 치명타로 회수하는 세트,3,"완성 · 추가 행동 확률 +6%, 치명타 확률 +4%","{""extra_action"":6.0,""crit_rate"":4.0}"
성장,체력·재생에서 시작해 장기전 누적 능력으로 확장,2,"진입 · 재생 +2%, HP +2%","{""regen_pct"":2.0,""hp_pct"":2.0}"
성장,체력·재생에서 시작해 장기전 누적 능력으로 확장,3,"완성 · AD +4%, 물리 방어 +3%, 마법 방어 +3%","{""attack_pct"":4.0,""ad_defense_pct"":3.0,""ap_defense_pct"":3.0}"
희생,받는 피해 증가를 감수하고 공격과 흡혈을 강화,2,"진입 · 흡혈 +2%, AD +2%","{""lifesteal"":2.0,""attack_pct"":2.0}"
희생,받는 피해 증가를 감수하고 공격과 흡혈을 강화,3,"완성 · 물리 피해 +8%, 받는 피해 +2%","{""phys_dmg_pct"":8.0,""dmg_taken_pct"":2.0}"
